created_at,entry_id,field1
2023-03-15 10:07:45 UTC,100,"
2"
2023-03-15 10:12:30 UTC,101,804
2023-03-15 10:13:35 UTC,102,"
ýýý7"
2023-03-15 10:14:01 UTC,103,"
ýýý9"
2023-03-15 10:14:35 UTC,104,"
ýýý5"
2023-03-15 10:15:03 UTC,105,"
ýýý1"
2023-03-15 10:15:32 UTC,106,"
ýýý2"
2023-03-15 10:16:10 UTC,107,"
S4"
2023-03-15 10:16:37 UTC,108,
2023-03-15 10:17:39 UTC,109,808
2023-03-15 10:18:13 UTC,110,"
x1"
2023-03-15 10:19:02 UTC,111,833
2023-03-15 10:19:42 UTC,112,"
ýýý4"
2023-03-15 10:20:15 UTC,113,"
ýýý4"
2023-03-15 10:20:42 UTC,114,
2023-03-15 10:21:08 UTC,115,845
2023-03-15 10:21:35 UTC,116,"
ýýý3"
2023-03-15 10:22:07 UTC,117,831
2023-03-15 10:31:13 UTC,118,827
2023-03-15 10:31:40 UTC,119,"
ýýý8"
2023-03-15 10:32:17 UTC,120,"
ýýý7"
2023-03-15 10:32:44 UTC,121,"
ýýý7"
2023-03-15 10:33:11 UTC,122,"
ýýý9"
2023-03-15 10:33:38 UTC,123,
2023-03-15 10:34:06 UTC,124,"
ýýý8"
2023-03-15 10:35:57 UTC,125,827
2023-03-15 10:36:30 UTC,126,"
q4"
2023-03-15 10:37:04 UTC,127,"
x3"
2023-03-15 10:37:37 UTC,128,
2023-03-15 10:38:01 UTC,129,"
r0"
2023-03-15 10:38:28 UTC,130,"
ýýý6"
2023-03-15 10:39:02 UTC,131,"
ýýý0"
2023-03-15 10:39:38 UTC,132,"
v2"
2023-03-15 10:40:07 UTC,133,"
ýýý6"
2023-03-15 10:40:41 UTC,134,"
ýýý7"
2023-03-15 10:41:14 UTC,135,"
ýýý7"
2023-03-15 10:41:44 UTC,136,"
ýýý7"
2023-03-15 10:42:11 UTC,137,"
ýýý9"
2023-03-15 10:42:38 UTC,138,"
ýýý8"
2023-03-15 10:43:05 UTC,139,"
ýýý7"
2023-03-15 10:43:31 UTC,140,"
ýýý7"
2023-03-15 10:43:58 UTC,141,"
ýýý7"
2023-03-15 10:44:32 UTC,142,"
ýýý8"
2023-03-15 10:45:05 UTC,143,"
ýýý5"
2023-03-15 10:45:26 UTC,144,"
x3"
2023-03-15 10:45:59 UTC,145,"
x8"
2023-03-15 10:47:11 UTC,146,839
2023-03-15 10:50:32 UTC,147,849
2023-03-15 10:51:41 UTC,148,851
2023-03-15 10:52:07 UTC,149,"
ýýý7"
2023-03-15 10:52:41 UTC,150,"
ýýý5"
2023-03-15 10:53:32 UTC,151,856
2023-03-15 10:56:00 UTC,152,850
2023-03-15 10:56:27 UTC,153,"
s7"
2023-03-15 10:57:02 UTC,154,"
ýýý7"
2023-03-15 10:57:28 UTC,155,"
ýýý9"
2023-03-15 11:01:19 UTC,156,849
2023-03-15 11:01:45 UTC,157,"
ýýý6"
2023-03-15 11:02:13 UTC,158,"
ýýý9"
2023-03-15 11:02:47 UTC,159,"
ýýý9"
2023-03-15 11:06:26 UTC,160,863
2023-03-15 11:06:53 UTC,161,"
ýýý2"
2023-03-15 11:09:15 UTC,162,863
2023-03-15 11:09:41 UTC,163,"
ýýý2"
2023-03-15 11:10:08 UTC,164,"
ýýý6"
2023-03-15 11:10:36 UTC,165,"

"
2023-03-15 11:11:09 UTC,166,"
ýýý8"
2023-03-15 11:16:32 UTC,167,859
2023-03-15 11:16:53 UTC,168,861
2023-03-15 11:17:19 UTC,169,"
ýýý9"
2023-03-15 11:17:46 UTC,170,"

ýýý9"
2023-03-15 11:18:12 UTC,171,856
2023-03-15 11:21:12 UTC,172,859
2023-03-15 11:25:07 UTC,173,
2023-03-15 11:27:48 UTC,174,861
2023-03-15 11:28:15 UTC,175,735
2023-03-15 11:28:56 UTC,176,"
ýýý7"
2023-03-15 11:29:23 UTC,177,"
ýýý2"
2023-03-15 11:29:43 UTC,178,"
"
2023-03-15 11:30:17 UTC,179,"
ýýý2"
2023-03-15 11:30:57 UTC,180,970
2023-03-15 15:50:21 UTC,181,895
2023-03-15 15:50:48 UTC,182,900
2023-03-15 15:51:16 UTC,183,900
2023-03-15 15:51:43 UTC,184,900
2023-03-15 15:52:09 UTC,185,898
2023-03-15 15:52:36 UTC,186,898
2023-03-15 15:53:03 UTC,187,982
2023-03-15 15:53:29 UTC,188,977
2023-03-15 15:54:02 UTC,189,926
2023-03-15 15:54:29 UTC,190,909
2023-03-15 15:54:57 UTC,191,907
2023-03-15 15:55:30 UTC,192,865
2023-03-16 01:55:27 UTC,193,"
ýýý8"
2023-03-16 01:55:54 UTC,194,985
2023-03-16 01:56:26 UTC,195,980
2023-03-16 01:56:53 UTC,196,916
2023-03-16 02:40:43 UTC,197,891
2023-03-16 02:41:10 UTC,198,890
2023-03-16 02:41:43 UTC,199,"
ýýý2"
